{
  "model": "Mistral-7B-Instruct-v0.2 (fine-tuned)",
  "experiment": "best_exp",
  "predictions_file": "results/experiments/best_exp/finetuned_predictions.json",
  "num_predictions": 50,
  "accuracy": 0.5,
  "macro_f1": 0.4336295283663705,
  "mae": 0.78,
  "rmse": 1.224744871391589,
  "qwk": 0.5664739884393064,
  "cohen_kappa_linear": 0.375,
  "confusion_matrix": [
    [
      9,
      1,
      0,
      0,
      0
    ],
    [
      0,
      10,
      0,
      0,
      0
    ],
    [
      0,
      5,
      2,
      3,
      0
    ],
    [
      0,
      5,
      1,
      4,
      0
    ],
    [
      0,
      4,
      1,
      5,
      0
    ]
  ],
  "classification_report": {
    "Score 0": {
      "precision": 1.0,
      "recall": 0.9,
      "f1-score": 0.9473684210526315,
      "support": 10.0
    },
    "Score 1": {
      "precision": 0.4,
      "recall": 1.0,
      "f1-score": 0.5714285714285714,
      "support": 10.0
    },
    "Score 2": {
      "precision": 0.5,
      "recall": 0.2,
      "f1-score": 0.2857142857142857,
      "support": 10.0
    },
    "Score 3": {
      "precision": 0.3333333333333333,
      "recall": 0.4,
      "f1-score": 0.36363636363636365,
      "support": 10.0
    },
    "Score 4": {
      "precision": 0.0,
      "recall": 0.0,
      "f1-score": 0.0,
      "support": 10.0
    },
    "accuracy": 0.5,
    "macro avg": {
      "precision": 0.44666666666666666,
      "recall": 0.5,
      "f1-score": 0.4336295283663705,
      "support": 50.0
    },
    "weighted avg": {
      "precision": 0.44666666666666666,
      "recall": 0.5,
      "f1-score": 0.4336295283663704,
      "support": 50.0
    }
  }
}