{
  "model": "Mistral-7B-Instruct-v0.2 (fine-tuned)",
  "experiment": "exp03_dataset_final_cot",
  "predictions_file": "results/experiments/exp03_dataset_final_cot/finetuned_predictions.json",
  "num_predictions": 50,
  "accuracy": 0.42,
  "macro_f1": 0.40529196293902175,
  "mae": 0.88,
  "rmse": 1.3266499161421599,
  "qwk": 0.6140350877192983,
  "cohen_kappa_linear": 0.275,
  "confusion_matrix": [
    [
      7,
      1,
      0,
      0,
      2
    ],
    [
      0,
      3,
      3,
      3,
      1
    ],
    [
      0,
      0,
      0,
      6,
      4
    ],
    [
      0,
      0,
      0,
      4,
      6
    ],
    [
      0,
      0,
      0,
      3,
      7
    ]
  ],
  "classification_report": {
    "Score 0": {
      "precision": 1.0,
      "recall": 0.7,
      "f1-score": 0.8235294117647058,
      "support": 10.0
    },
    "Score 1": {
      "precision": 0.75,
      "recall": 0.3,
      "f1-score": 0.42857142857142855,
      "support": 10.0
    },
    "Score 2": {
      "precision": 0.0,
      "recall": 0.0,
      "f1-score": 0.0,
      "support": 10.0
    },
    "Score 3": {
      "precision": 0.25,
      "recall": 0.4,
      "f1-score": 0.3076923076923077,
      "support": 10.0
    },
    "Score 4": {
      "precision": 0.35,
      "recall": 0.7,
      "f1-score": 0.4666666666666667,
      "support": 10.0
    },
    "accuracy": 0.42,
    "macro avg": {
      "precision": 0.47000000000000003,
      "recall": 0.41999999999999993,
      "f1-score": 0.40529196293902175,
      "support": 50.0
    },
    "weighted avg": {
      "precision": 0.47,
      "recall": 0.42,
      "f1-score": 0.40529196293902175,
      "support": 50.0
    }
  }
}