{
  "model": "Mistral-7B-Instruct-v0.2 (base)",
  "experiment": "exp01_v2_lora",
  "predictions_file": "results/experiments/exp01_v2_lora/baseline_predictions.json",
  "num_predictions": 95,
  "accuracy": 0.2631578947368421,
  "macro_f1": 0.20139393939393938,
  "mae": 1.5789473684210527,
  "rmse": 1.9947298986131061,
  "qwk": 0.25,
  "cohen_kappa_linear": 0.07894736842105265,
  "confusion_matrix": [
    [
      6,
      0,
      1,
      7,
      5
    ],
    [
      0,
      0,
      1,
      6,
      12
    ],
    [
      0,
      0,
      1,
      0,
      18
    ],
    [
      0,
      0,
      1,
      1,
      17
    ],
    [
      0,
      0,
      2,
      0,
      17
    ]
  ],
  "classification_report": {
    "Score 0": {
      "precision": 1.0,
      "recall": 0.3157894736842105,
      "f1-score": 0.48,
      "support": 19.0
    },
    "Score 1": {
      "precision": 0.0,
      "recall": 0.0,
      "f1-score": 0.0,
      "support": 19.0
    },
    "Score 2": {
      "precision": 0.16666666666666666,
      "recall": 0.05263157894736842,
      "f1-score": 0.08,
      "support": 19.0
    },
    "Score 3": {
      "precision": 0.07142857142857142,
      "recall": 0.05263157894736842,
      "f1-score": 0.06060606060606061,
      "support": 19.0
    },
    "Score 4": {
      "precision": 0.2463768115942029,
      "recall": 0.8947368421052632,
      "f1-score": 0.38636363636363635,
      "support": 19.0
    },
    "accuracy": 0.2631578947368421,
    "macro avg": {
      "precision": 0.2968944099378882,
      "recall": 0.26315789473684215,
      "f1-score": 0.20139393939393938,
      "support": 95.0
    },
    "weighted avg": {
      "precision": 0.29689440993788824,
      "recall": 0.2631578947368421,
      "f1-score": 0.2013939393939394,
      "support": 95.0
    }
  }
}