{
  "model": "LinearSVC_C1.0",
  "experiment": "tfidf_strong_baseline",
  "num_predictions": 50,
  "accuracy": 0.72,
  "macro_f1": 0.7042955214122262,
  "mae": 0.42,
  "rmse": 0.8366600265340756,
  "qwk": 0.8167539267015707,
  "cohen_kappa_linear": 0.7314578005115089,
  "confusion_matrix": [
    [
      9,
      0,
      1,
      0,
      0
    ],
    [
      0,
      10,
      0,
      0,
      0
    ],
    [
      0,
      2,
      7,
      1,
      0
    ],
    [
      0,
      3,
      2,
      3,
      2
    ],
    [
      0,
      0,
      3,
      0,
      7
    ]
  ],
  "classification_report": {
    "Score 0": {
      "precision": 1.0,
      "recall": 0.9,
      "f1-score": 0.9473684210526315,
      "support": 10.0
    },
    "Score 1": {
      "precision": 0.6666666666666666,
      "recall": 1.0,
      "f1-score": 0.8,
      "support": 10.0
    },
    "Score 2": {
      "precision": 0.5384615384615384,
      "recall": 0.7,
      "f1-score": 0.6086956521739131,
      "support": 10.0
    },
    "Score 3": {
      "precision": 0.75,
      "recall": 0.3,
      "f1-score": 0.42857142857142855,
      "support": 10.0
    },
    "Score 4": {
      "precision": 0.7777777777777778,
      "recall": 0.7,
      "f1-score": 0.7368421052631579,
      "support": 10.0
    },
    "accuracy": 0.72,
    "macro avg": {
      "precision": 0.7465811965811965,
      "recall": 0.72,
      "f1-score": 0.7042955214122262,
      "support": 50.0
    },
    "weighted avg": {
      "precision": 0.7465811965811965,
      "recall": 0.72,
      "f1-score": 0.7042955214122262,
      "support": 50.0
    }
  }
}