{
  "model": "Mistral-7B-Instruct-v0.2 (base)",
  "experiment": "exp03_dataset_v3",
  "predictions_file": "results/experiments/exp03_dataset_v3/baseline_predictions.json",
  "num_predictions": 45,
  "accuracy": 0.2222222222222222,
  "macro_f1": 0.18591749644381222,
  "mae": 1.6,
  "rmse": 1.9776529298921768,
  "qwk": 0.19266055045871555,
  "cohen_kappa_linear": 0.02777777777777779,
  "confusion_matrix": [
    [
      3,
      0,
      2,
      2,
      2
    ],
    [
      0,
      0,
      1,
      1,
      7
    ],
    [
      0,
      0,
      1,
      1,
      7
    ],
    [
      0,
      0,
      3,
      0,
      6
    ],
    [
      0,
      0,
      3,
      0,
      6
    ]
  ],
  "classification_report": {
    "Score 0": {
      "precision": 1.0,
      "recall": 0.3333333333333333,
      "f1-score": 0.5,
      "support": 9.0
    },
    "Score 1": {
      "precision": 0.0,
      "recall": 0.0,
      "f1-score": 0.0,
      "support": 9.0
    },
    "Score 2": {
      "precision": 0.1,
      "recall": 0.1111111111111111,
      "f1-score": 0.10526315789473684,
      "support": 9.0
    },
    "Score 3": {
      "precision": 0.0,
      "recall": 0.0,
      "f1-score": 0.0,
      "support": 9.0
    },
    "Score 4": {
      "precision": 0.21428571428571427,
      "recall": 0.6666666666666666,
      "f1-score": 0.32432432432432434,
      "support": 9.0
    },
    "accuracy": 0.2222222222222222,
    "macro avg": {
      "precision": 0.26285714285714284,
      "recall": 0.22222222222222224,
      "f1-score": 0.18591749644381222,
      "support": 45.0
    },
    "weighted avg": {
      "precision": 0.26285714285714284,
      "recall": 0.2222222222222222,
      "f1-score": 0.18591749644381225,
      "support": 45.0
    }
  }
}