{
  "model": "Mistral-7B-Instruct-v0.2 (fine-tuned)",
  "experiment": "exp03_dataset_v3",
  "predictions_file": "results/experiments/exp03_dataset_v3/finetuned_predictions.json",
  "num_predictions": 45,
  "accuracy": 0.15555555555555556,
  "macro_f1": 0.08596491228070176,
  "mae": 1.8,
  "rmse": 2.165384235854895,
  "qwk": -0.019323671497584627,
  "cohen_kappa_linear": -0.05555555555555558,
  "confusion_matrix": [
    [
      0,
      1,
      3,
      0,
      5
    ],
    [
      0,
      0,
      2,
      0,
      7
    ],
    [
      0,
      0,
      2,
      0,
      7
    ],
    [
      0,
      0,
      4,
      0,
      5
    ],
    [
      0,
      0,
      4,
      0,
      5
    ]
  ],
  "classification_report": {
    "Score 0": {
      "precision": 0.0,
      "recall": 0.0,
      "f1-score": 0.0,
      "support": 9.0
    },
    "Score 1": {
      "precision": 0.0,
      "recall": 0.0,
      "f1-score": 0.0,
      "support": 9.0
    },
    "Score 2": {
      "precision": 0.13333333333333333,
      "recall": 0.2222222222222222,
      "f1-score": 0.16666666666666666,
      "support": 9.0
    },
    "Score 3": {
      "precision": 0.0,
      "recall": 0.0,
      "f1-score": 0.0,
      "support": 9.0
    },
    "Score 4": {
      "precision": 0.1724137931034483,
      "recall": 0.5555555555555556,
      "f1-score": 0.2631578947368421,
      "support": 9.0
    },
    "accuracy": 0.15555555555555556,
    "macro avg": {
      "precision": 0.06114942528735632,
      "recall": 0.15555555555555556,
      "f1-score": 0.08596491228070176,
      "support": 45.0
    },
    "weighted avg": {
      "precision": 0.061149425287356333,
      "recall": 0.15555555555555556,
      "f1-score": 0.08596491228070174,
      "support": 45.0
    }
  }
}